{
  "type": "minecraft:chest",
  "pools": [
    {
      "rolls": {
        "min": 2,
        "max": 3,
        "type": "minecraft:uniform"
      },
      "entries": [
        {
          "type": "minecraft:item",
          "weight": 1,
          "functions": [
            {
              "function": "minecraft:set_nbt",
              "tag": "{CustomModelData:16,Cannonball:1b,display:{Name:'[{\"text\":\"Simple Cannonball\",\"italic\":false,\"color\":\"dark_aqua\"}]',Lore:['[{\"text\":\"The most basic type of cannonball.\",\"italic\":false,\"color\":\"white\"}]']}}"
            },
            {
              "function": "minecraft:set_count",
              "count":
              {
                "min": 1,
                "max": 1,
                "type":"minecraft:uniform"
              }
            }
          ],
          "name": "minecraft:diamond_hoe"
        },
        {
          "type": "minecraft:item",
          "weight": 5,
          "functions": [
            {
              "function": "minecraft:set_nbt",
              "tag": "{display:{Name:'[{\"text\":\"Gunpowder\",\"italic\":false,\"color\":\"dark_aqua\"}]',Lore:['[{\"text\":\"Used to change the power of a cannon shot.\",\"italic\":false,\"color\":\"white\"}]']}}"
            },
            {
              "function": "minecraft:set_count",
              "count": {
                "min": 3,
                "max": 5,
                "type": "minecraft:uniform"
              }
            }
          ],
          "name": "minecraft:gunpowder"
        },
        {
          "type": "minecraft:item",
          "weight": 3,
          "functions": [
            {
              "function": "minecraft:set_nbt",
              "tag": "{display:{Name:'[{\"text\":\"Gold\",\"italic\":false,\"color\":\"gold\"}]',Lore:['[{\"text\":\"Currency item used to purchase\",\"italic\":false,\"color\":\"white\"}]','[{\"text\":\"special cannonballs.\",\"italic\":false,\"color\":\"white\"}]']}}"
            },
            {
              "function": "minecraft:set_count",
              "count": {
                "min": 3,
                "max": 6,
                "type": "minecraft:uniform"
              }
            }
          ],
          "name": "minecraft:gold_nugget"
        },
        {
          "type": "minecraft:item",
          "weight": 1,
          "functions": [
            {
              "function": "minecraft:set_nbt",
              "tag": "{display:{Name:'[{\"text\":\"Golden Apple\",\"italic\":false,\"color\":\"dark_aqua\"}]'}}"
            },
            {
              "function": "minecraft:set_count",
              "count": {
                "min": 0,
                "max": 1,
                "type": "minecraft:uniform"
              }
            }
          ],
          "name": "minecraft:golden_apple"
        },
        {
          "type": "minecraft:item",
          "weight": 2,
          "functions": [
            {
              "function": "minecraft:set_nbt",
              "tag": "{display:{Name:'[{\"text\":\"Arrow\",\"italic\":false,\"color\":\"dark_aqua\"}]'}}"
            },
            {
              "function": "minecraft:set_count",
              "count": {
                "min": 1,
                "max": 2,
                "type": "minecraft:uniform"
              }
            }
          ],
          "name": "minecraft:arrow"
        }
      ]
    }
  ]
}
