{
  "type": "minecraft:chest",
  "pools": [
    {
      "rolls": {
        "min": 3,
        "max": 4,
        "type": "minecraft:uniform"
      },
      "entries": [
        {
          "type": "minecraft:item",
          "weight": 1,
          "functions": [
            {
              "function": "minecraft:set_nbt",
              "tag": "{CustomModelData:16,Cannonball:1b,display:{Name:'[{\"text\":\"Simple Cannonball\",\"italic\":false,\"color\":\"dark_aqua\"}]',Lore:['[{\"text\":\"The most basic type of cannonball.\",\"italic\":false,\"color\":\"white\"}]']}}"
            },
            {
              "function": "minecraft:set_count",
              "count":
              {
                "min": 1,
                "max": 1,
                "type":"minecraft:uniform"
              }
            }
          ],
          "name": "minecraft:diamond_hoe"
        },
        {
          "type": "minecraft:item",
          "weight": 5,
          "functions": [
            {
              "function": "minecraft:set_nbt",
              "tag": "{display:{Name:'[{\"text\":\"Gunpowder\",\"italic\":false,\"color\":\"dark_aqua\"}]',Lore:['[{\"text\":\"Used to change the power of a cannon shot.\",\"italic\":false,\"color\":\"white\"}]']}}"
            },
            {
              "function": "minecraft:set_count",
              "count": {
                "min": 3,
                "max": 9,
                "type": "minecraft:uniform"
              }
            }
          ],
          "name": "minecraft:gunpowder"
        },
        {
          "type": "minecraft:item",
          "weight": 3,
          "functions": [
            {
              "function": "minecraft:set_nbt",
              "tag": "{display:{Name:'[{\"text\":\"Gold\",\"italic\":false,\"color\":\"gold\"}]',Lore:['[{\"text\":\"Currency item used to purchase\",\"italic\":false,\"color\":\"white\"}]','[{\"text\":\"special cannonballs.\",\"italic\":false,\"color\":\"white\"}]']}}"
            },
            {
              "function": "minecraft:set_count",
              "count": {
                "min": 4,
                "max": 9,
                "type": "minecraft:uniform"
              }
            }
          ],
          "name": "minecraft:gold_nugget"
        },
        {
          "type": "minecraft:item",
          "weight": 1,
          "functions": [
            {
              "function": "minecraft:set_nbt",
              "tag": "{display:{Name:'[{\"text\":\"Golden Apple\",\"italic\":false,\"color\":\"dark_aqua\"}]'}}"
            },
            {
              "function": "minecraft:set_count",
              "count": {
                "min": 1,
                "max": 1,
                "type": "minecraft:uniform"
              }
            }
          ],
          "name": "minecraft:golden_apple"
        },
        {
          "type": "minecraft:item",
          "weight": 1,
          "functions": [
            {
              "function": "minecraft:set_nbt",
              "tag": "{CustomPotionColor:6886656,CustomPotionEffects:[{Id:30,Duration:100,Amplifier:0},{Id:1,Duration:160,Amplifier:1}],display:{Name:'[{\"text\":\"Trooper Ale\",\"italic\":false,\"color\":\"dark_aqua\"}]'}}"
            },
            {
              "function": "minecraft:set_count",
              "count": {
                "min": 1,
                "max": 1,
                "type": "minecraft:uniform"
              }
            }
          ],
          "name": "minecraft:potion"
        },
        {
          "type": "minecraft:item",
          "weight": 2,
          "functions": [
            {
              "function": "minecraft:set_nbt",
              "tag": "{display:{Name:'[{\"text\":\"Arrow\",\"italic\":false,\"color\":\"dark_aqua\"}]'}}"
            },
            {
              "function": "minecraft:set_count",
              "count": {
                "min": 2,
                "max": 5,
                "type": "minecraft:uniform"
              }
            }
          ],
          "name": "minecraft:arrow"
        }
      ]
    },
    {
      "rolls": {
        "min": 1,
        "max": 2,
        "type": "minecraft:uniform"
      },
      "entries": [
        {
          "type": "minecraft:item",
          "weight": 1,
          "functions": [
            {
              "function": "minecraft:set_nbt",
              "tag": "{Unbreakable:1b,display:{Name:'[{\"text\":\"Boarding Axe\",\"italic\":false,\"color\":\"dark_aqua\"}]'}}"
            },
            {
              "function": "minecraft:set_count",
              "count": {
                "min": -1,
                "max": 1,
                "type": "minecraft:uniform"
              }
            }
          ],
          "name": "minecraft:stone_axe"
        },
        {
          "type": "minecraft:item",
          "weight": 1,
          "functions": [
            {
              "function": "minecraft:set_nbt",
              "tag": "{CustomModelData:1,Blocking:0,Damage:316,display:{Name:'[{\"text\":\"Shield\",\"italic\":false,\"color\":\"dark_aqua\"}]'}}"
            },
            {
              "function": "minecraft:set_count",
              "count": {
                "min": -1,
                "max": 1,
                "type": "minecraft:uniform"
              }
            }
          ],
          "name": "minecraft:shield"
        },
        {
          "type": "minecraft:item",
          "weight": 1,
          "functions": [
            {
              "function": "minecraft:set_nbt",
              "tag": "{Unbreakable:1b,display:{Name:'[{\"text\":\"Hook\",\"italic\":false,\"color\":\"dark_aqua\"}]'},AttributeModifiers:[{AttributeName:\"generic.attack_speed\",Amount:20,Slot:mainhand,Name:\"generic.attack_speed\",UUID:[I;-12248,10659,12629,-21318]},{AttributeName:\"generic.attack_damage\",Amount:3.5,Slot:mainhand,Name:\"generic.attack_damage\",UUID:[I;-12248,10759,12629,-21518]}]}"
            },
            {
              "function": "minecraft:set_count",
              "count": {
                "min": -1,
                "max": 1,
                "type": "minecraft:uniform"
              }
            }
          ],
          "name": "minecraft:iron_hoe"
        },
        {
          "type": "minecraft:item",
          "weight": 2,
          "functions": [
            {
              "function": "minecraft:set_nbt",
              "tag": "{Unbreakable:1b,display:{Name:'[{\"text\":\"Battle Axe\",\"italic\":false,\"color\":\"dark_aqua\"}]'}}"
            },
            {
              "function": "minecraft:set_count",
              "count": {
                "min": -1,
                "max": 1,
                "type": "minecraft:uniform"
              }
            }
          ],
          "name": "minecraft:diamond_axe"
        },
        {
          "type": "minecraft:item",
          "weight": 2,
          "functions": [
            {
              "function": "minecraft:set_nbt",
              "tag": "{Unbreakable:1b,display:{Name:'[{\"text\":\"Saber\",\"italic\":false,\"color\":\"dark_aqua\"}]'}}"
            },
            {
              "function": "minecraft:set_count",
              "count": {
                "min": -1,
                "max": 1,
                "type": "minecraft:uniform"
              }
            }
          ],
          "name": "minecraft:diamond_sword"
        },
        {
          "type": "minecraft:item",
          "weight": 2,
          "functions": [
            {
              "function": "minecraft:set_nbt",
              "tag": "{Unbreakable:1b,AttributeModifiers:[{AttributeName:\"generic.attack_speed\",Amount:-3.5,Slot:mainhand,Name:\"generic.attack_speed\",UUID:[I;-12248,13259,12629,-26518]},{AttributeName:\"generic.attack_damage\",Amount:7,Slot:mainhand,Name:\"generic.attack_damage\",UUID:[I;-12248,13359,12629,-26718]}],display:{Name:'[{\"text\":\"Mace\",\"italic\":false,\"color\":\"dark_aqua\"}]'}}"
            },
            {
              "function": "minecraft:set_count",
              "count": {
                "min": -1,
                "max": 1,
                "type": "minecraft:uniform"
              }
            }
          ],
          "name": "minecraft:netherite_shovel"
        }
      ]
    }
  ]
}
